"Location","Expt_No","Depth","Time_Range","Population","Sample_Type","VP","VP_SE","VP_R_Squared","VP_Type"
"NJ2020","1","1","T0_T3","c_Viruses","VP",-82274.3425728505,61743.0079542815,0.307435252473028,"LM_AP"
"NJ2020","1","1","T0_T6","c_Viruses","VP",-676616.915422885,136624.36158298,0.777962116671153,"LM_AP"
"NJ2020","1","1","T0_T24","c_Viruses","VP",67939.6069843835,50963.1322182125,0.0999702376783343,"LM_AP"
"NJ2020","1","1","T0_T17","c_Viruses","VP",-127981.908638625,71588.5536780142,0.242195964382434,"LM_AP"
"NJ2020","1","1","T0_T20","c_Viruses","VP",9892.29253621603,61879.574381784,0.0019620179807618,"LM_AP"
"NJ2020","1","1","T0_T3","c_V1","VP",-91978.6000682125,64550.1487608075,0.33669279298342,"LM_AP"
"NJ2020","1","1","T0_T6","c_V1","VP",-516595.629728869,100139.520213739,0.791745953272385,"LM_AP"
"NJ2020","1","1","T0_T24","c_V1","VP",56932.7899915126,39344.3443963379,0.115725113753821,"LM_AP"
"NJ2020","1","1","T0_T17","c_V1","VP",-88571.2349202272,55073.7447682467,0.205491827165915,"LM_AP"
"NJ2020","1","1","T0_T20","c_V1","VP",14236.1993133579,47131.6355674896,0.0069691926071281,"LM_AP"
"NJ2020","1","1","T0_T3","c_V2","VP",-5629.69688591125,15099.2797088243,0.03358618695511,"LM_AP"
"NJ2020","1","1","T0_T6","c_V2","VP",-103574.989834223,22597.3388346394,0.750075938167149,"LM_AP"
"NJ2020","1","1","T0_T24","c_V2","VP",10105.5027479126,8024.20960592195,0.0901869120200778,"LM_AP"
"NJ2020","1","1","T0_T17","c_V2","VP",-23831.1994184227,10877.407917506,0.32432418977704,"LM_AP"
"NJ2020","1","1","T0_T20","c_V2","VP",-742.544646047556,9752.54550734269,0.000445730340771205,"LM_AP"
"NJ2020","1","1","T0_T3","c_V3","VP",15333.9543812736,13294.2360418052,0.249586982584171,"LM_AP"
"NJ2020","1","1","T0_T6","c_V3","VP",-56446.2958597935,16664.8766442213,0.621063002514159,"LM_AP"
"NJ2020","1","1","T0_T24","c_V3","VP",901.314244957734,4191.30119742932,0.00288191612626951,"LM_AP"
"NJ2020","1","1","T0_T17","c_V3","VP",-15579.4742999754,6497.15187710273,0.365074943512701,"LM_AP"
"NJ2020","1","1","T0_T20","c_V3","VP",-3601.36213109461,5479.82265986825,0.0321560407833462,"LM_AP"
"NJ2020","1","1","T0_T3","c_Viruses","VPC",-37754.086709311,61299.0175202281,0.0866189501742997,"LM_AP"
"NJ2020","1","1","T0_T6","c_Viruses","VPC",100597.014925373,74255.3336781693,0.207726524940786,"LM_AP"
"NJ2020","1","1","T0_T24","c_Viruses","VPC",48583.2420907047,11530.143247879,0.525986333895947,"LM_AP"
"NJ2020","1","1","T0_T17","c_Viruses","VPC",58782.451379466,23087.9490771995,0.393286112332945,"LM_AP"
"NJ2020","1","1","T0_T20","c_Viruses","VPC",60157.5135903493,15222.9398686289,0.545716053393181,"LM_AP"
"NJ2020","1","1","T0_T3","c_V1","VPC",-6575.03095320933,60839.0822885121,0.00291141454760626,"LM_AP"
"NJ2020","1","1","T0_T6","c_V1","VPC",90616.1882670545,55809.9848731601,0.273576878054892,"LM_AP"
"NJ2020","1","1","T0_T24","c_V1","VPC",43936.8033006852,9240.31212678698,0.585590123595421,"LM_AP"
"NJ2020","1","1","T0_T17","c_V1","VPC",50091.4572663543,18098.3394218328,0.433760520412967,"LM_AP"
"NJ2020","1","1","T0_T20","c_V1","VPC",54104.5973278742,12005.9591245574,0.609707463652505,"LM_AP"
"NJ2020","1","1","T0_T3","c_V2","VPC",-17404.6312672612,10952.5710840511,0.386992904722839,"LM_AP"
"NJ2020","1","1","T0_T6","c_V2","VPC",2997.3357247789,14943.7555541743,0.00571431813972482,"LM_AP"
"NJ2020","1","1","T0_T24","c_V2","VPC",3909.06270365563,2011.04697684469,0.191034163533592,"LM_AP"
"NJ2020","1","1","T0_T17","c_V2","VPC",4833.53654212374,4306.74235394442,0.111868886334651,"LM_AP"
"NJ2020","1","1","T0_T20","c_V2","VPC",4300.58288704073,2782.24474463443,0.155255200937562,"LM_AP"
"NJ2020","1","1","T0_T3","c_V3","VPC",-13774.4244888409,5038.9175780836,0.65134355607126,"LM_AP"
"NJ2020","1","1","T0_T6","c_V3","VPC",6983.49093354016,9768.03937567393,0.0680495308412019,"LM_AP"
"NJ2020","1","1","T0_T24","c_V3","VPC",737.376086363905,1591.46754585902,0.0132395816558333,"LM_AP"
"NJ2020","1","1","T0_T17","c_V3","VPC",3857.45757098818,2750.65803440126,0.164344883860073,"LM_AP"
"NJ2020","1","1","T0_T20","c_V3","VPC",1752.33337543444,1904.35871770366,0.0611489881604798,"LM_AP"
"NJ2020","1","1","T0_T3","c_Viruses","Diff",44520.2558635395,122598.035040456,NA,"LM_AP"
"NJ2020","1","1","T0_T6","c_Viruses","Diff",777213.930348258,148510.667356339,NA,"LM_AP"
"NJ2020","1","1","T0_T24","c_Viruses","Diff",-19356.3648936788,23060.286495758,NA,"LM_AP"
"NJ2020","1","1","T0_T17","c_Viruses","Diff",186764.360018091,46175.898154399,NA,"LM_AP"
"NJ2020","1","1","T0_T20","c_Viruses","Diff",50265.2210541333,30445.8797372578,NA,"LM_AP"
"NJ2020","1","1","T0_T3","c_V1","Diff",85403.5691150032,121678.164577024,NA,"LM_AP"
"NJ2020","1","1","T0_T6","c_V1","Diff",607211.817995924,111619.96974632,NA,"LM_AP"
"NJ2020","1","1","T0_T24","c_V1","Diff",-12995.9866908274,18480.624253574,NA,"LM_AP"
"NJ2020","1","1","T0_T17","c_V1","Diff",138662.692186581,36196.6788436656,NA,"LM_AP"
"NJ2020","1","1","T0_T20","c_V1","Diff",39868.3980145163,24011.9182491148,NA,"LM_AP"
"NJ2020","1","1","T0_T3","c_V2","Diff",-11774.93438135,21905.1421681022,NA,"LM_AP"
"NJ2020","1","1","T0_T6","c_V2","Diff",106572.325559002,29887.5111083486,NA,"LM_AP"
"NJ2020","1","1","T0_T24","c_V2","Diff",-6196.44004425697,4022.09395368938,NA,"LM_AP"
"NJ2020","1","1","T0_T17","c_V2","Diff",28664.7359605464,8613.48470788884,NA,"LM_AP"
"NJ2020","1","1","T0_T20","c_V2","Diff",5043.12753308829,5564.48948926886,NA,"LM_AP"
"NJ2020","1","1","T0_T3","c_V3","Diff",-29108.3788701145,10077.8351561672,NA,"LM_AP"
"NJ2020","1","1","T0_T6","c_V3","Diff",63429.7867933337,19536.0787513479,NA,"LM_AP"
"NJ2020","1","1","T0_T24","c_V3","Diff",-163.938158593829,3182.93509171804,NA,"LM_AP"
"NJ2020","1","1","T0_T17","c_V3","Diff",19436.9318709636,5501.31606880252,NA,"LM_AP"
"NJ2020","1","1","T0_T20","c_V3","Diff",5353.69550652905,3808.71743540732,NA,"LM_AP"
"NJ2020","1","1","T0_T3","c_Viruses","VP",-82274.3425728493,NA,1,"LM_AR"
"NJ2020","1","1","T0_T6","c_Viruses","VP",-676616.915422885,343143.844425822,0.795419979137091,"LM_AR"
"NJ2020","1","1","T0_T24","c_Viruses","VP",67939.6069843833,94754.4188036004,0.113887483332996,"LM_AR"
"NJ2020","1","1","T0_T17","c_Viruses","VP",-127981.908638625,157642.620600874,0.247865201992371,"LM_AR"
"NJ2020","1","1","T0_T20","c_Viruses","VP",9892.29253621616,126357.933243145,0.00203883116021583,"LM_AR"
"NJ2020","1","1","T0_T3","c_V1","VP",-91978.6000682117,NA,1,"LM_AR"
"NJ2020","1","1","T0_T6","c_V1","VP",-516595.62972887,245152.756377079,0.816191989752507,"LM_AR"
"NJ2020","1","1","T0_T24","c_V1","VP",56932.7899915126,71301.1914381678,0.137480278339725,"LM_AR"
"NJ2020","1","1","T0_T17","c_V1","VP",-88571.2349202271,120394.353711286,0.212976183282041,"LM_AR"
"NJ2020","1","1","T0_T20","c_V1","VP",14236.1993133577,95483.7710902718,0.00735531976944298,"LM_AR"
"NJ2020","1","1","T0_T3","c_V2","VP",-5629.696885911,NA,1,"LM_AR"
"NJ2020","1","1","T0_T6","c_V2","VP",-103574.989834223,56548.7412495647,0.770367221269647,"LM_AR"
"NJ2020","1","1","T0_T24","c_V2","VP",10105.5027479126,15472.1581048752,0.0963705715037143,"LM_AR"
"NJ2020","1","1","T0_T17","c_V2","VP",-23831.1994184227,23743.5091277154,0.33497375450781,"LM_AR"
"NJ2020","1","1","T0_T20","c_V2","VP",-742.544646047565,20015.5551471357,0.000458552868475246,"LM_AR"
"NJ2020","1","1","T0_T3","c_V3","VP",15333.9543812737,NA,1,"LM_AR"
"NJ2020","1","1","T0_T6","c_V3","VP",-56446.2958597936,41442.3467991788,0.649757372762128,"LM_AR"
"NJ2020","1","1","T0_T24","c_V3","VP",901.314244957727,8183.44577586322,0.00302346535923823,"LM_AR"
"NJ2020","1","1","T0_T17","c_V3","VP",-15579.4742999754,13997.5327024809,0.3824881132352,"LM_AR"
"NJ2020","1","1","T0_T20","c_V3","VP",-3601.36213109462,11111.612293899,0.033830731831055,"LM_AR"
"NJ2020","1","1","T0_T3","c_Viruses","VPC",-37754.0867093095,NA,1,"LM_AR"
"NJ2020","1","1","T0_T6","c_Viruses","VPC",100597.014925373,79877.0457714659,0.613314966295877,"LM_AR"
"NJ2020","1","1","T0_T24","c_Viruses","VPC",48583.2420907047,11552.6136091393,0.815543268529909,"LM_AR"
"NJ2020","1","1","T0_T17","c_Viruses","VPC",58782.4513794661,21332.3020493339,0.791517130361025,"LM_AR"
"NJ2020","1","1","T0_T20","c_Viruses","VPC",60157.5135903491,12719.0035573432,0.881751921725622,"LM_AR"
"NJ2020","1","1","T0_T3","c_V1","VPC",-6575.03095320843,NA,1,"LM_AR"
"NJ2020","1","1","T0_T6","c_V1","VPC",90616.1882670544,56113.3765796871,0.722824845584002,"LM_AR"
"NJ2020","1","1","T0_T24","c_V1","VPC",43936.8033006852,9613.23800863084,0.839286392024536,"LM_AR"
"NJ2020","1","1","T0_T17","c_V1","VPC",50091.4572663544,16501.3340926298,0.82166534440009,"LM_AR"
"NJ2020","1","1","T0_T20","c_V1","VPC",54104.5973278742,10121.6176945338,0.904984607273127,"LM_AR"
"NJ2020","1","1","T0_T3","c_V2","VPC",-17404.631267261,NA,1,"LM_AR"
"NJ2020","1","1","T0_T6","c_V2","VPC",2997.33572477872,11779.0811348522,0.0608134731458682,"LM_AR"
"NJ2020","1","1","T0_T24","c_V2","VPC",3909.06270365561,1189.95565248171,0.729575283594361,"LM_AR"
"NJ2020","1","1","T0_T17","c_V2","VPC",4833.53654212376,2788.2667039924,0.600408942534192,"LM_AR"
"NJ2020","1","1","T0_T20","c_V2","VPC",4300.58288704072,1690.77388055385,0.683199823138788,"LM_AR"
"NJ2020","1","1","T0_T3","c_V3","VPC",-13774.4244888408,NA,1,"LM_AR"
"NJ2020","1","1","T0_T6","c_V3","VPC",6983.49093354013,11984.5880569272,0.253478551153705,"LM_AR"
"NJ2020","1","1","T0_T24","c_V3","VPC",737.376086363898,1624.37093405274,0.0489927175515763,"LM_AR"
"NJ2020","1","1","T0_T17","c_V3","VPC",3857.45757098819,2903.90662193786,0.468729752369378,"LM_AR"
"NJ2020","1","1","T0_T20","c_V3","VPC",1752.33337543443,2157.83357704168,0.180210016030799,"LM_AR"
"NJ2020","1","1","T0_T3","c_Viruses","Diff",44520.2558635398,NA,NA,"LM_AR"
"NJ2020","1","1","T0_T6","c_Viruses","Diff",777213.930348258,159754.091542932,NA,"LM_AR"
"NJ2020","1","1","T0_T24","c_Viruses","Diff",-19356.3648936786,23105.2272182786,NA,"LM_AR"
"NJ2020","1","1","T0_T17","c_Viruses","Diff",186764.360018091,42664.6040986678,NA,"LM_AR"
"NJ2020","1","1","T0_T20","c_Viruses","Diff",50265.2210541329,25438.0071146864,NA,"LM_AR"
"NJ2020","1","1","T0_T3","c_V1","Diff",85403.5691150033,NA,NA,"LM_AR"
"NJ2020","1","1","T0_T6","c_V1","Diff",607211.817995924,112226.753159374,NA,"LM_AR"
"NJ2020","1","1","T0_T24","c_V1","Diff",-12995.9866908274,19226.4760172617,NA,"LM_AR"
"NJ2020","1","1","T0_T17","c_V1","Diff",138662.692186581,33002.6681852596,NA,"LM_AR"
"NJ2020","1","1","T0_T20","c_V1","Diff",39868.3980145165,20243.2353890676,NA,"LM_AR"
"NJ2020","1","1","T0_T3","c_V2","Diff",-11774.93438135,NA,NA,"LM_AR"
"NJ2020","1","1","T0_T6","c_V2","Diff",106572.325559002,23558.1622697044,NA,"LM_AR"
"NJ2020","1","1","T0_T24","c_V2","Diff",-6196.44004425699,2379.91130496342,NA,"LM_AR"
"NJ2020","1","1","T0_T17","c_V2","Diff",28664.7359605465,5576.5334079848,NA,"LM_AR"
"NJ2020","1","1","T0_T20","c_V2","Diff",5043.12753308829,3381.5477611077,NA,"LM_AR"
"NJ2020","1","1","T0_T3","c_V3","Diff",-29108.3788701145,NA,NA,"LM_AR"
"NJ2020","1","1","T0_T6","c_V3","Diff",63429.7867933337,23969.1761138544,NA,"LM_AR"
"NJ2020","1","1","T0_T24","c_V3","Diff",-163.938158593829,3248.74186810548,NA,"LM_AR"
"NJ2020","1","1","T0_T17","c_V3","Diff",19436.9318709636,5807.81324387572,NA,"LM_AR"
"NJ2020","1","1","T0_T20","c_V3","Diff",5353.69550652905,4315.66715408336,NA,"LM_AR"
"NJ2020","1","1","T0_T3","c_Viruses","VP",-82274.3425728493,NA,1,"LM_AR_Diff"
"NJ2020","1","1","T0_T6","c_Viruses","VP",-676616.915422885,343143.844425822,0.795419979137091,"LM_AR_Diff"
"NJ2020","1","1","T0_T24","c_Viruses","VP",67939.6069843833,94754.4188036004,0.113887483332996,"LM_AR_Diff"
"NJ2020","1","1","T0_T17","c_Viruses","VP",-127981.908638625,157642.620600874,0.247865201992371,"LM_AR_Diff"
"NJ2020","1","1","T0_T20","c_Viruses","VP",9892.29253621616,126357.933243145,0.00203883116021583,"LM_AR_Diff"
"NJ2020","1","1","T0_T3","c_V1","VP",-91978.6000682117,NA,1,"LM_AR_Diff"
"NJ2020","1","1","T0_T6","c_V1","VP",-516595.62972887,245152.756377079,0.816191989752507,"LM_AR_Diff"
"NJ2020","1","1","T0_T24","c_V1","VP",56932.7899915126,71301.1914381678,0.137480278339725,"LM_AR_Diff"
"NJ2020","1","1","T0_T17","c_V1","VP",-88571.2349202271,120394.353711286,0.212976183282041,"LM_AR_Diff"
"NJ2020","1","1","T0_T20","c_V1","VP",14236.1993133577,95483.7710902718,0.00735531976944298,"LM_AR_Diff"
"NJ2020","1","1","T0_T3","c_V2","VP",-5629.696885911,NA,1,"LM_AR_Diff"
"NJ2020","1","1","T0_T6","c_V2","VP",-103574.989834223,56548.7412495647,0.770367221269647,"LM_AR_Diff"
"NJ2020","1","1","T0_T24","c_V2","VP",10105.5027479126,15472.1581048752,0.0963705715037143,"LM_AR_Diff"
"NJ2020","1","1","T0_T17","c_V2","VP",-23831.1994184227,23743.5091277154,0.33497375450781,"LM_AR_Diff"
"NJ2020","1","1","T0_T20","c_V2","VP",-742.544646047565,20015.5551471357,0.000458552868475246,"LM_AR_Diff"
"NJ2020","1","1","T0_T3","c_V3","VP",15333.9543812737,NA,1,"LM_AR_Diff"
"NJ2020","1","1","T0_T6","c_V3","VP",-56446.2958597936,41442.3467991788,0.649757372762128,"LM_AR_Diff"
"NJ2020","1","1","T0_T24","c_V3","VP",901.314244957727,8183.44577586322,0.00302346535923823,"LM_AR_Diff"
"NJ2020","1","1","T0_T17","c_V3","VP",-15579.4742999754,13997.5327024809,0.3824881132352,"LM_AR_Diff"
"NJ2020","1","1","T0_T20","c_V3","VP",-3601.36213109462,11111.612293899,0.033830731831055,"LM_AR_Diff"
"NJ2020","1","1","T0_T3","c_Viruses","VPC",-37754.0867093095,NA,1,"LM_AR_Diff"
"NJ2020","1","1","T0_T6","c_Viruses","VPC",100597.014925373,79877.0457714659,0.613314966295877,"LM_AR_Diff"
"NJ2020","1","1","T0_T24","c_Viruses","VPC",48583.2420907047,11552.6136091393,0.815543268529909,"LM_AR_Diff"
"NJ2020","1","1","T0_T17","c_Viruses","VPC",58782.4513794661,21332.3020493339,0.791517130361025,"LM_AR_Diff"
"NJ2020","1","1","T0_T20","c_Viruses","VPC",60157.5135903491,12719.0035573432,0.881751921725622,"LM_AR_Diff"
"NJ2020","1","1","T0_T3","c_V1","VPC",-6575.03095320843,NA,1,"LM_AR_Diff"
"NJ2020","1","1","T0_T6","c_V1","VPC",90616.1882670544,56113.3765796871,0.722824845584002,"LM_AR_Diff"
"NJ2020","1","1","T0_T24","c_V1","VPC",43936.8033006852,9613.23800863084,0.839286392024536,"LM_AR_Diff"
"NJ2020","1","1","T0_T17","c_V1","VPC",50091.4572663544,16501.3340926298,0.82166534440009,"LM_AR_Diff"
"NJ2020","1","1","T0_T20","c_V1","VPC",54104.5973278742,10121.6176945338,0.904984607273127,"LM_AR_Diff"
"NJ2020","1","1","T0_T3","c_V2","VPC",-17404.631267261,NA,1,"LM_AR_Diff"
"NJ2020","1","1","T0_T6","c_V2","VPC",2997.33572477872,11779.0811348522,0.0608134731458682,"LM_AR_Diff"
"NJ2020","1","1","T0_T24","c_V2","VPC",3909.06270365561,1189.95565248171,0.729575283594361,"LM_AR_Diff"
"NJ2020","1","1","T0_T17","c_V2","VPC",4833.53654212376,2788.2667039924,0.600408942534192,"LM_AR_Diff"
"NJ2020","1","1","T0_T20","c_V2","VPC",4300.58288704072,1690.77388055385,0.683199823138788,"LM_AR_Diff"
"NJ2020","1","1","T0_T3","c_V3","VPC",-13774.4244888408,NA,1,"LM_AR_Diff"
"NJ2020","1","1","T0_T6","c_V3","VPC",6983.49093354013,11984.5880569272,0.253478551153705,"LM_AR_Diff"
"NJ2020","1","1","T0_T24","c_V3","VPC",737.376086363898,1624.37093405274,0.0489927175515763,"LM_AR_Diff"
"NJ2020","1","1","T0_T17","c_V3","VPC",3857.45757098819,2903.90662193786,0.468729752369378,"LM_AR_Diff"
"NJ2020","1","1","T0_T20","c_V3","VPC",1752.33337543443,2157.83357704168,0.180210016030799,"LM_AR_Diff"
"NJ2020","1","1","T0_T3","c_Viruses","Diff",44520.2558635398,NA,1,"LM_AR_Diff"
"NJ2020","1","1","T0_T6","c_Viruses","Diff",777213.930348259,423020.890197288,0.771462570802087,"LM_AR_Diff"
"NJ2020","1","1","T0_T24","c_Viruses","Diff",-19356.3648936787,102888.594266013,0.00877056021782915,"LM_AR_Diff"
"NJ2020","1","1","T0_T17","c_Viruses","Diff",186764.360018091,176367.412190288,0.359256977947985,"LM_AR_Diff"
"NJ2020","1","1","T0_T20","c_Viruses","Diff",50265.2210541332,134303.94728165,0.0446085135367774,"LM_AR_Diff"
"NJ2020","1","1","T0_T3","c_V1","Diff",85403.5691150033,NA,1,"LM_AR_Diff"
"NJ2020","1","1","T0_T6","c_V1","Diff",607211.817995924,301266.132956767,0.80246418332428,"LM_AR_Diff"
"NJ2020","1","1","T0_T24","c_V1","Diff",-12995.9866908274,77491.5595585259,0.00698243102137765,"LM_AR_Diff"
"NJ2020","1","1","T0_T17","c_V1","Diff",138662.692186582,135616.130362897,0.343279120137331,"LM_AR_Diff"
"NJ2020","1","1","T0_T20","c_V1","Diff",39868.3980145164,100951.349622217,0.0494197824161055,"LM_AR_Diff"
"NJ2020","1","1","T0_T3","c_V2","Diff",-11774.9343813499,NA,1,"LM_AR_Diff"
"NJ2020","1","1","T0_T6","c_V2","Diff",106572.325559002,68327.8223844168,0.708686584148506,"LM_AR_Diff"
"NJ2020","1","1","T0_T24","c_V2","Diff",-6196.44004425698,16061.1155958826,0.0358761573251627,"LM_AR_Diff"
"NJ2020","1","1","T0_T17","c_V2","Diff",28664.7359605464,25025.2591367069,0.396137959032084,"LM_AR_Diff"
"NJ2020","1","1","T0_T20","c_V2","Diff",5043.12753308828,20787.9049487946,0.0192406465240818,"LM_AR_Diff"
"NJ2020","1","1","T0_T3","c_V3","Diff",-29108.3788701145,NA,1,"LM_AR_Diff"
"NJ2020","1","1","T0_T6","c_V3","Diff",63429.7867933337,53426.934856106,0.584976641937924,"LM_AR_Diff"
"NJ2020","1","1","T0_T24","c_V3","Diff",-163.938158593824,9703.79945820783,7.1348607451317e-05,"LM_AR_Diff"
"NJ2020","1","1","T0_T17","c_V3","Diff",19436.9318709636,16558.6443635234,0.407909580475444,"LM_AR_Diff"
"NJ2020","1","1","T0_T20","c_V3","Diff",5353.69550652905,13109.5775746876,0.0526638716542085,"LM_AR_Diff"
"NJ2020","1","1","T0_T3","c_Viruses","VP",-82274.3425728519,NA,1,"LM_AR_Diff_LMER"
"NJ2020","1","1","T0_T6","c_Viruses","VP",-676616.915422883,343143.844425824,0.795419979137088,"LM_AR_Diff_LMER"
"NJ2020","1","1","T0_T24","c_Viruses","VP",67939.606984384,94754.4188036003,0.113887483332998,"LM_AR_Diff_LMER"
"NJ2020","1","1","T0_T17","c_Viruses","VP",-127981.908638625,157642.620600874,0.247865201992372,"LM_AR_Diff_LMER"
"NJ2020","1","1","T0_T20","c_Viruses","VP",9892.29253621598,126357.933243145,0.00203883116021579,"LM_AR_Diff_LMER"
"NJ2020","1","1","T0_T3","c_V1","VP",-91978.6000682125,NA,1,"LM_AR_Diff_LMER"
"NJ2020","1","1","T0_T6","c_V1","VP",-516595.629728869,245152.75637708,0.816191989752506,"LM_AR_Diff_LMER"
"NJ2020","1","1","T0_T24","c_V1","VP",56932.7899915121,71301.191438168,0.137480278339723,"LM_AR_Diff_LMER"
"NJ2020","1","1","T0_T17","c_V1","VP",-88571.2349202273,120394.353711286,0.212976183282041,"LM_AR_Diff_LMER"
"NJ2020","1","1","T0_T20","c_V1","VP",14236.1993133577,95483.7710902718,0.00735531976944283,"LM_AR_Diff_LMER"
"NJ2020","1","1","T0_T3","c_V2","VP",-5629.69688591079,NA,1,"LM_AR_Diff_LMER"
"NJ2020","1","1","T0_T6","c_V2","VP",-103574.989834223,56548.7412495648,0.770367221269645,"LM_AR_Diff_LMER"
"NJ2020","1","1","T0_T24","c_V2","VP",10105.5027479126,15472.1581048752,0.0963705715037139,"LM_AR_Diff_LMER"
"NJ2020","1","1","T0_T17","c_V2","VP",-23831.1994184227,23743.5091277154,0.33497375450781,"LM_AR_Diff_LMER"
"NJ2020","1","1","T0_T20","c_V2","VP",-742.54464604756,20015.5551471357,0.000458552868475237,"LM_AR_Diff_LMER"
"NJ2020","1","1","T0_T3","c_V3","VP",15333.9543812738,NA,1,"LM_AR_Diff_LMER"
"NJ2020","1","1","T0_T6","c_V3","VP",-56446.2958597934,41442.3467991789,0.649757372762127,"LM_AR_Diff_LMER"
"NJ2020","1","1","T0_T24","c_V3","VP",901.314244957768,8183.44577586321,0.00302346535923854,"LM_AR_Diff_LMER"
"NJ2020","1","1","T0_T17","c_V3","VP",-15579.4742999754,13997.5327024809,0.382488113235198,"LM_AR_Diff_LMER"
"NJ2020","1","1","T0_T20","c_V3","VP",-3601.36213109461,11111.612293899,0.033830731831055,"LM_AR_Diff_LMER"
"NJ2020","1","1","T0_T3","c_Viruses","VPC",-37754.0867093095,NA,1,"LM_AR_Diff_LMER"
"NJ2020","1","1","T0_T6","c_Viruses","VPC",100597.014925373,79877.0457714659,0.613314966295879,"LM_AR_Diff_LMER"
"NJ2020","1","1","T0_T24","c_Viruses","VPC",48583.2420907047,11552.6136091394,0.815543268529908,"LM_AR_Diff_LMER"
"NJ2020","1","1","T0_T17","c_Viruses","VPC",58782.451379466,21332.302049334,0.791517130361024,"LM_AR_Diff_LMER"
"NJ2020","1","1","T0_T20","c_Viruses","VPC",60157.5135903491,12719.0035573432,0.881751921725622,"LM_AR_Diff_LMER"
"NJ2020","1","1","T0_T3","c_V1","VPC",-6575.03095320843,NA,1,"LM_AR_Diff_LMER"
"NJ2020","1","1","T0_T6","c_V1","VPC",90616.1882670544,56113.3765796871,0.722824845584002,"LM_AR_Diff_LMER"
"NJ2020","1","1","T0_T24","c_V1","VPC",43936.8033006852,9613.23800863085,0.839286392024536,"LM_AR_Diff_LMER"
"NJ2020","1","1","T0_T17","c_V1","VPC",50091.4572663545,16501.3340926297,0.821665344400091,"LM_AR_Diff_LMER"
"NJ2020","1","1","T0_T20","c_V1","VPC",54104.5973278743,10121.6176945338,0.904984607273127,"LM_AR_Diff_LMER"
"NJ2020","1","1","T0_T3","c_V2","VPC",-17404.6312672611,NA,1,"LM_AR_Diff_LMER"
"NJ2020","1","1","T0_T6","c_V2","VPC",2997.33572477872,11779.0811348522,0.0608134731458638,"LM_AR_Diff_LMER"
"NJ2020","1","1","T0_T24","c_V2","VPC",3909.0627036556,1189.95565248172,0.729575283594354,"LM_AR_Diff_LMER"
"NJ2020","1","1","T0_T17","c_V2","VPC",4833.53654212375,2788.2667039924,0.600408942534191,"LM_AR_Diff_LMER"
"NJ2020","1","1","T0_T20","c_V2","VPC",4300.58288704067,1690.77388055389,0.683199823138774,"LM_AR_Diff_LMER"
"NJ2020","1","1","T0_T3","c_V3","VPC",-13774.4244888409,NA,1,"LM_AR_Diff_LMER"
"NJ2020","1","1","T0_T6","c_V3","VPC",6983.49093354012,11984.5880569272,0.253478551153703,"LM_AR_Diff_LMER"
"NJ2020","1","1","T0_T24","c_V3","VPC",737.376086363895,1624.37093405275,0.0489927175515766,"LM_AR_Diff_LMER"
"NJ2020","1","1","T0_T17","c_V3","VPC",3857.45757098819,2903.90662193786,0.468729752369378,"LM_AR_Diff_LMER"
"NJ2020","1","1","T0_T20","c_V3","VPC",1752.33337543447,2157.83357704168,0.180210016030806,"LM_AR_Diff_LMER"
"NJ2020","1","1","T0_T3","c_Viruses","Diff",44520.2558635424,NA,1,"LM_AR_Diff_LMER"
"NJ2020","1","1","T0_T6","c_Viruses","Diff",777213.930348256,423020.890197289,0.771462570802085,"LM_AR_Diff_LMER"
"NJ2020","1","1","T0_T24","c_Viruses","Diff",-19356.3648936793,102888.594266013,0.00877056021782972,"LM_AR_Diff_LMER"
"NJ2020","1","1","T0_T17","c_Viruses","Diff",186764.360018091,176367.412190289,0.359256977947985,"LM_AR_Diff_LMER"
"NJ2020","1","1","T0_T20","c_Viruses","Diff",50265.2210541333,134303.94728165,0.0446085135367775,"LM_AR_Diff_LMER"
"NJ2020","1","1","T0_T3","c_V1","Diff",85403.5691150037,NA,1,"LM_AR_Diff_LMER"
"NJ2020","1","1","T0_T6","c_V1","Diff",607211.817995924,301266.132956767,0.80246418332428,"LM_AR_Diff_LMER"
"NJ2020","1","1","T0_T24","c_V1","Diff",-12995.9866908269,77491.559558526,0.00698243102137706,"LM_AR_Diff_LMER"
"NJ2020","1","1","T0_T17","c_V1","Diff",138662.692186582,135616.130362897,0.343279120137332,"LM_AR_Diff_LMER"
"NJ2020","1","1","T0_T20","c_V1","Diff",39868.3980145166,100951.349622217,0.0494197824161059,"LM_AR_Diff_LMER"
"NJ2020","1","1","T0_T3","c_V2","Diff",-11774.9343813505,NA,1,"LM_AR_Diff_LMER"
"NJ2020","1","1","T0_T6","c_V2","Diff",106572.325559002,68327.8223844171,0.708686584148502,"LM_AR_Diff_LMER"
"NJ2020","1","1","T0_T24","c_V2","Diff",-6196.44004425699,16061.1155958826,0.0358761573251629,"LM_AR_Diff_LMER"
"NJ2020","1","1","T0_T17","c_V2","Diff",28664.7359605465,25025.2591367069,0.396137959032085,"LM_AR_Diff_LMER"
"NJ2020","1","1","T0_T20","c_V2","Diff",5043.12753308822,20787.9049487945,0.0192406465240813,"LM_AR_Diff_LMER"
"NJ2020","1","1","T0_T3","c_V3","Diff",-29108.3788701147,NA,1,"LM_AR_Diff_LMER"
"NJ2020","1","1","T0_T6","c_V3","Diff",63429.7867933336,53426.9348561061,0.584976641937922,"LM_AR_Diff_LMER"
"NJ2020","1","1","T0_T24","c_V3","Diff",-163.938158593866,9703.79945820783,7.13486074513535e-05,"LM_AR_Diff_LMER"
"NJ2020","1","1","T0_T17","c_V3","Diff",19436.9318709636,16558.6443635233,0.407909580475443,"LM_AR_Diff_LMER"
"NJ2020","1","1","T0_T20","c_V3","Diff",5353.69550652908,13109.5775746876,0.052663871654209,"LM_AR_Diff_LMER"
"NJ2020","1","1","T0_T3","c_Viruses","VP",10632.5515280745,10632.5515280745,NA,"VPCL_SR_AVG"
"NJ2020","1","1","T0_T6","c_Viruses","VP",10632.5515280745,10632.5515280745,NA,"VPCL_SR_AVG"
"NJ2020","1","1","T0_T24","c_Viruses","VP",313889.396554642,56681.7468120107,NA,"VPCL_SR_AVG"
"NJ2020","1","1","T0_T17","c_Viruses","VP",144265.684564192,34166.8434454992,NA,"VPCL_SR_AVG"
"NJ2020","1","1","T0_T20","c_Viruses","VP",275365.011676313,42960.5282938507,NA,"VPCL_SR_AVG"
"NJ2020","1","1","T0_T3","c_V1","VP",0,0,NA,"VPCL_SR_AVG"
"NJ2020","1","1","T0_T6","c_V1","VP",0,0,NA,"VPCL_SR_AVG"
"NJ2020","1","1","T0_T24","c_V1","VP",292548.283466256,11681.7201741838,NA,"VPCL_SR_AVG"
"NJ2020","1","1","T0_T17","c_V1","VP",133469.339577303,18725.6240176723,NA,"VPCL_SR_AVG"
"NJ2020","1","1","T0_T20","c_V1","VP",257907.246273398,26928.7797395058,NA,"VPCL_SR_AVG"
"NJ2020","1","1","T0_T3","c_V2","VP",10246.3290530945,10246.3290530945,NA,"VPCL_SR_AVG"
"NJ2020","1","1","T0_T6","c_V2","VP",10246.3290530945,10246.3290530945,NA,"VPCL_SR_AVG"
"NJ2020","1","1","T0_T24","c_V2","VP",45352.6336058008,6228.99809282022,NA,"VPCL_SR_AVG"
"NJ2020","1","1","T0_T17","c_V2","VP",20742.3516066321,4234.21118714023,NA,"VPCL_SR_AVG"
"NJ2020","1","1","T0_T20","c_V2","VP",46738.1044920961,3616.82870184631,NA,"VPCL_SR_AVG"
"NJ2020","1","1","T0_T3","c_V3","VP",15333.9543812737,7037.26204595892,NA,"VPCL_SR_AVG"
"NJ2020","1","1","T0_T6","c_V3","VP",15333.9543812737,7037.26204595892,NA,"VPCL_SR_AVG"
"NJ2020","1","1","T0_T24","c_V3","VP",19771.5123191439,2717.06461687779,NA,"VPCL_SR_AVG"
"NJ2020","1","1","T0_T17","c_V3","VP",11897.1547365028,3037.08818430879,NA,"VPCL_SR_AVG"
"NJ2020","1","1","T0_T20","c_V3","VP",19755.7585124682,2710.53303271336,NA,"VPCL_SR_AVG"
"NJ2020","1","1","T0_T3","c_Viruses","VPC",43724.2359630423,43724.2359630423,NA,"VPCL_SR_AVG"
"NJ2020","1","1","T0_T6","c_Viruses","VPC",260398.009950249,187320.208466727,NA,"VPCL_SR_AVG"
"NJ2020","1","1","T0_T24","c_Viruses","VPC",259605.543710022,188109.680084776,NA,"VPCL_SR_AVG"
"NJ2020","1","1","T0_T17","c_Viruses","VPC",249802.965962504,192662.512584049,NA,"VPCL_SR_AVG"
"NJ2020","1","1","T0_T20","c_Viruses","VPC",262065.38734897,186750.032362011,NA,"VPCL_SR_AVG"
"NJ2020","1","1","T0_T3","c_V1","VPC",50468.189602039,50468.189602039,NA,"VPCL_SR_AVG"
"NJ2020","1","1","T0_T6","c_V1","VPC",208269.772229485,152049.051689337,NA,"VPCL_SR_AVG"
"NJ2020","1","1","T0_T24","c_V1","VPC",78806.1068651829,17863.1399079509,NA,"VPCL_SR_AVG"
"NJ2020","1","1","T0_T17","c_V1","VPC",66979.135384567,21452.3170093474,NA,"VPCL_SR_AVG"
"NJ2020","1","1","T0_T20","c_V1","VPC",81314.0890128697,15709.8446907975,NA,"VPCL_SR_AVG"
"NJ2020","1","1","T0_T3","c_V2","VPC",0,0,NA,"VPCL_SR_AVG"
"NJ2020","1","1","T0_T6","c_V2","VPC",26546.4318418767,24743.6083425907,NA,"VPCL_SR_AVG"
"NJ2020","1","1","T0_T24","c_V2","VPC",31397.3175580094,22310.6299505281,NA,"VPCL_SR_AVG"
"NJ2020","1","1","T0_T17","c_V2","VPC",31847.2119579402,22072.5598680831,NA,"VPCL_SR_AVG"
"NJ2020","1","1","T0_T20","c_V2","VPC",31431.2002145647,22279.3439437252,NA,"VPCL_SR_AVG"
"NJ2020","1","1","T0_T3","c_V3","VPC",0,0,NA,"VPCL_SR_AVG"
"NJ2020","1","1","T0_T6","c_V3","VPC",33313.2881659102,16666.9698066727,NA,"VPCL_SR_AVG"
"NJ2020","1","1","T0_T24","c_V3","VPC",30876.6681881312,10028.249367286,NA,"VPCL_SR_AVG"
"NJ2020","1","1","T0_T17","c_V3","VPC",38084.7150566243,11899.6839511409,NA,"VPCL_SR_AVG"
"NJ2020","1","1","T0_T20","c_V3","VPC",29644.1882430879,10195.6774112164,NA,"VPCL_SR_AVG"
"NJ2020","1","1","T0_T3","c_Viruses","Diff",33091.6844349679,87448.4719260847,NA,"VPCL_SR_AVG"
"NJ2020","1","1","T0_T6","c_Viruses","Diff",249765.458422174,374640.416933454,NA,"VPCL_SR_AVG"
"NJ2020","1","1","T0_T24","c_Viruses","Diff",-54283.8528446208,376219.360169552,NA,"VPCL_SR_AVG"
"NJ2020","1","1","T0_T17","c_Viruses","Diff",105537.281398312,385325.025168098,NA,"VPCL_SR_AVG"
"NJ2020","1","1","T0_T20","c_Viruses","Diff",-13299.6243273431,373500.064724023,NA,"VPCL_SR_AVG"
"NJ2020","1","1","T0_T3","c_V1","Diff",50468.189602039,100936.379204078,NA,"VPCL_SR_AVG"
"NJ2020","1","1","T0_T6","c_V1","Diff",208269.772229485,304098.103378675,NA,"VPCL_SR_AVG"
"NJ2020","1","1","T0_T24","c_V1","Diff",-213742.176601073,35726.2798159018,NA,"VPCL_SR_AVG"
"NJ2020","1","1","T0_T17","c_V1","Diff",-66490.2041927357,42904.6340186947,NA,"VPCL_SR_AVG"
"NJ2020","1","1","T0_T20","c_V1","Diff",-176593.157260528,31419.6893815951,NA,"VPCL_SR_AVG"
"NJ2020","1","1","T0_T3","c_V2","Diff",-10246.3290530945,0,NA,"VPCL_SR_AVG"
"NJ2020","1","1","T0_T6","c_V2","Diff",16300.1027887822,49487.2166851815,NA,"VPCL_SR_AVG"
"NJ2020","1","1","T0_T24","c_V2","Diff",-13955.3160477915,44621.2599010562,NA,"VPCL_SR_AVG"
"NJ2020","1","1","T0_T17","c_V2","Diff",11104.8603513081,44145.1197361661,NA,"VPCL_SR_AVG"
"NJ2020","1","1","T0_T20","c_V2","Diff",-15306.9042775314,44558.6878874503,NA,"VPCL_SR_AVG"
"NJ2020","1","1","T0_T3","c_V3","Diff",-15333.9543812737,0,NA,"VPCL_SR_AVG"
"NJ2020","1","1","T0_T6","c_V3","Diff",17979.3337846365,33333.9396133455,NA,"VPCL_SR_AVG"
"NJ2020","1","1","T0_T24","c_V3","Diff",11105.1558689873,20056.4987345721,NA,"VPCL_SR_AVG"
"NJ2020","1","1","T0_T17","c_V3","Diff",26187.5603201215,23799.3679022818,NA,"VPCL_SR_AVG"
"NJ2020","1","1","T0_T20","c_V3","Diff",9888.42973061963,20391.3548224329,NA,"VPCL_SR_AVG"
"NJ2020","1","1","T0_T3","c_Viruses","VP",0,NA,NA,"VPCL_AR_No_SE"
"NJ2020","1","1","T0_T6","c_Viruses","VP",0,NA,NA,"VPCL_AR_No_SE"
"NJ2020","1","1","T0_T24","c_Viruses","VP",295981.994787965,NA,NA,"VPCL_AR_No_SE"
"NJ2020","1","1","T0_T17","c_Viruses","VP",161178.522969568,NA,NA,"VPCL_AR_No_SE"
"NJ2020","1","1","T0_T20","c_Viruses","VP",332238.80597015,NA,NA,"VPCL_AR_No_SE"
"NJ2020","1","1","T0_T3","c_V1","VP",0,NA,NA,"VPCL_AR_No_SE"
"NJ2020","1","1","T0_T6","c_V1","VP",0,NA,NA,"VPCL_AR_No_SE"
"NJ2020","1","1","T0_T24","c_V1","VP",228831.920272657,NA,NA,"VPCL_AR_No_SE"
"NJ2020","1","1","T0_T17","c_V1","VP",133469.339577303,NA,NA,"VPCL_AR_No_SE"
"NJ2020","1","1","T0_T20","c_V1","VP",257907.246273398,NA,NA,"VPCL_AR_No_SE"
"NJ2020","1","1","T0_T3","c_V2","VP",0,NA,NA,"VPCL_AR_No_SE"
"NJ2020","1","1","T0_T6","c_V2","VP",0,NA,NA,"VPCL_AR_No_SE"
"NJ2020","1","1","T0_T24","c_V2","VP",47272.9448042951,NA,NA,"VPCL_AR_No_SE"
"NJ2020","1","1","T0_T17","c_V2","VP",19248.8283005332,NA,NA,"VPCL_AR_No_SE"
"NJ2020","1","1","T0_T20","c_V2","VP",50153.9970530882,NA,NA,"VPCL_AR_No_SE"
"NJ2020","1","1","T0_T3","c_V3","VP",15333.9543812737,NA,NA,"VPCL_AR_No_SE"
"NJ2020","1","1","T0_T6","c_V3","VP",15333.9543812737,NA,NA,"VPCL_AR_No_SE"
"NJ2020","1","1","T0_T24","c_V3","VP",17605.5420461432,NA,NA,"VPCL_AR_No_SE"
"NJ2020","1","1","T0_T17","c_V3","VP",11897.1547365028,NA,NA,"VPCL_AR_No_SE"
"NJ2020","1","1","T0_T20","c_V3","VP",19755.7585124682,NA,NA,"VPCL_AR_No_SE"
"NJ2020","1","1","T0_T3","c_Viruses","VPC",0,NA,NA,"VPCL_AR_No_SE"
"NJ2020","1","1","T0_T6","c_Viruses","VPC",238948.116560057,NA,NA,"VPCL_AR_No_SE"
"NJ2020","1","1","T0_T24","c_Viruses","VPC",76332.6226012792,NA,NA,"VPCL_AR_No_SE"
"NJ2020","1","1","T0_T17","c_Viruses","VPC",73426.7438318608,NA,NA,"VPCL_AR_No_SE"
"NJ2020","1","1","T0_T20","c_Viruses","VPC",76332.6226012792,NA,NA,"VPCL_AR_No_SE"
"NJ2020","1","1","T0_T3","c_V1","VPC",0,NA,NA,"VPCL_AR_No_SE"
"NJ2020","1","1","T0_T6","c_V1","VPC",187807.407487318,NA,NA,"VPCL_AR_No_SE"
"NJ2020","1","1","T0_T24","c_V1","VPC",67297.5719407425,NA,NA,"VPCL_AR_No_SE"
"NJ2020","1","1","T0_T17","c_V1","VPC",59013.705195694,NA,NA,"VPCL_AR_No_SE"
"NJ2020","1","1","T0_T20","c_V1","VPC",67297.5719407425,NA,NA,"VPCL_AR_No_SE"
"NJ2020","1","1","T0_T3","c_V2","VPC",0,NA,NA,"VPCL_AR_No_SE"
"NJ2020","1","1","T0_T6","c_V2","VPC",23399.3027168189,NA,NA,"VPCL_AR_No_SE"
"NJ2020","1","1","T0_T24","c_V2","VPC",4993.39736325722,NA,NA,"VPCL_AR_No_SE"
"NJ2020","1","1","T0_T17","c_V2","VPC",7972.9441716819,NA,NA,"VPCL_AR_No_SE"
"NJ2020","1","1","T0_T20","c_V2","VPC",7972.9441716819,NA,NA,"VPCL_AR_No_SE"
"NJ2020","1","1","T0_T3","c_V3","VPC",0,NA,NA,"VPCL_AR_No_SE"
"NJ2020","1","1","T0_T6","c_V3","VPC",27741.4063559212,NA,NA,"VPCL_AR_No_SE"
"NJ2020","1","1","T0_T24","c_V3","VPC",6440.09446448523,NA,NA,"VPCL_AR_No_SE"
"NJ2020","1","1","T0_T17","c_V3","VPC",6440.09446448523,NA,NA,"VPCL_AR_No_SE"
"NJ2020","1","1","T0_T20","c_V3","VPC",6440.09446448523,NA,NA,"VPCL_AR_No_SE"
"NJ2020","1","1","T0_T3","c_Viruses","Diff",0,NA,NA,"VPCL_AR_No_SE"
"NJ2020","1","1","T0_T6","c_Viruses","Diff",238948.116560057,NA,NA,"VPCL_AR_No_SE"
"NJ2020","1","1","T0_T24","c_Viruses","Diff",-219649.372186686,NA,NA,"VPCL_AR_No_SE"
"NJ2020","1","1","T0_T17","c_Viruses","Diff",-87751.7791377072,NA,NA,"VPCL_AR_No_SE"
"NJ2020","1","1","T0_T20","c_Viruses","Diff",-255906.183368871,NA,NA,"VPCL_AR_No_SE"
"NJ2020","1","1","T0_T3","c_V1","Diff",0,NA,NA,"VPCL_AR_No_SE"
"NJ2020","1","1","T0_T6","c_V1","Diff",187807.407487318,NA,NA,"VPCL_AR_No_SE"
"NJ2020","1","1","T0_T24","c_V1","Diff",-161534.348331915,NA,NA,"VPCL_AR_No_SE"
"NJ2020","1","1","T0_T17","c_V1","Diff",-74455.634381609,NA,NA,"VPCL_AR_No_SE"
"NJ2020","1","1","T0_T20","c_V1","Diff",-190609.674332656,NA,NA,"VPCL_AR_No_SE"
"NJ2020","1","1","T0_T3","c_V2","Diff",0,NA,NA,"VPCL_AR_No_SE"
"NJ2020","1","1","T0_T6","c_V2","Diff",23399.3027168189,NA,NA,"VPCL_AR_No_SE"
"NJ2020","1","1","T0_T24","c_V2","Diff",-42279.5474410379,NA,NA,"VPCL_AR_No_SE"
"NJ2020","1","1","T0_T17","c_V2","Diff",-11275.8841288513,NA,NA,"VPCL_AR_No_SE"
"NJ2020","1","1","T0_T20","c_V2","Diff",-42181.0528814063,NA,NA,"VPCL_AR_No_SE"
"NJ2020","1","1","T0_T3","c_V3","Diff",-15333.9543812737,NA,NA,"VPCL_AR_No_SE"
"NJ2020","1","1","T0_T6","c_V3","Diff",12407.4519746475,NA,NA,"VPCL_AR_No_SE"
"NJ2020","1","1","T0_T24","c_V3","Diff",-11165.447581658,NA,NA,"VPCL_AR_No_SE"
"NJ2020","1","1","T0_T17","c_V3","Diff",-5457.06027201757,NA,NA,"VPCL_AR_No_SE"
"NJ2020","1","1","T0_T20","c_V3","Diff",-13315.664047983,NA,NA,"VPCL_AR_No_SE"
"NJ2020","1","1","T0_T3","c_Viruses","VP",0,NA,NA,"VPCL_AR_Diff_No_SE"
"NJ2020","1","1","T0_T6","c_Viruses","VP",0,NA,NA,"VPCL_AR_Diff_No_SE"
"NJ2020","1","1","T0_T24","c_Viruses","VP",295981.994787965,NA,NA,"VPCL_AR_Diff_No_SE"
"NJ2020","1","1","T0_T17","c_Viruses","VP",161178.522969568,NA,NA,"VPCL_AR_Diff_No_SE"
"NJ2020","1","1","T0_T20","c_Viruses","VP",332238.80597015,NA,NA,"VPCL_AR_Diff_No_SE"
"NJ2020","1","1","T0_T3","c_V1","VP",0,NA,NA,"VPCL_AR_Diff_No_SE"
"NJ2020","1","1","T0_T6","c_V1","VP",0,NA,NA,"VPCL_AR_Diff_No_SE"
"NJ2020","1","1","T0_T24","c_V1","VP",228831.920272657,NA,NA,"VPCL_AR_Diff_No_SE"
"NJ2020","1","1","T0_T17","c_V1","VP",133469.339577303,NA,NA,"VPCL_AR_Diff_No_SE"
"NJ2020","1","1","T0_T20","c_V1","VP",257907.246273398,NA,NA,"VPCL_AR_Diff_No_SE"
"NJ2020","1","1","T0_T3","c_V2","VP",0,NA,NA,"VPCL_AR_Diff_No_SE"
"NJ2020","1","1","T0_T6","c_V2","VP",0,NA,NA,"VPCL_AR_Diff_No_SE"
"NJ2020","1","1","T0_T24","c_V2","VP",47272.9448042951,NA,NA,"VPCL_AR_Diff_No_SE"
"NJ2020","1","1","T0_T17","c_V2","VP",19248.8283005332,NA,NA,"VPCL_AR_Diff_No_SE"
"NJ2020","1","1","T0_T20","c_V2","VP",50153.9970530882,NA,NA,"VPCL_AR_Diff_No_SE"
"NJ2020","1","1","T0_T3","c_V3","VP",15333.9543812737,NA,NA,"VPCL_AR_Diff_No_SE"
"NJ2020","1","1","T0_T6","c_V3","VP",15333.9543812737,NA,NA,"VPCL_AR_Diff_No_SE"
"NJ2020","1","1","T0_T24","c_V3","VP",17605.5420461432,NA,NA,"VPCL_AR_Diff_No_SE"
"NJ2020","1","1","T0_T17","c_V3","VP",11897.1547365028,NA,NA,"VPCL_AR_Diff_No_SE"
"NJ2020","1","1","T0_T20","c_V3","VP",19755.7585124682,NA,NA,"VPCL_AR_Diff_No_SE"
"NJ2020","1","1","T0_T3","c_Viruses","VPC",0,NA,NA,"VPCL_AR_Diff_No_SE"
"NJ2020","1","1","T0_T6","c_Viruses","VPC",238948.116560057,NA,NA,"VPCL_AR_Diff_No_SE"
"NJ2020","1","1","T0_T24","c_Viruses","VPC",76332.6226012792,NA,NA,"VPCL_AR_Diff_No_SE"
"NJ2020","1","1","T0_T17","c_Viruses","VPC",73426.7438318608,NA,NA,"VPCL_AR_Diff_No_SE"
"NJ2020","1","1","T0_T20","c_Viruses","VPC",76332.6226012792,NA,NA,"VPCL_AR_Diff_No_SE"
"NJ2020","1","1","T0_T3","c_V1","VPC",0,NA,NA,"VPCL_AR_Diff_No_SE"
"NJ2020","1","1","T0_T6","c_V1","VPC",187807.407487318,NA,NA,"VPCL_AR_Diff_No_SE"
"NJ2020","1","1","T0_T24","c_V1","VPC",67297.5719407425,NA,NA,"VPCL_AR_Diff_No_SE"
"NJ2020","1","1","T0_T17","c_V1","VPC",59013.705195694,NA,NA,"VPCL_AR_Diff_No_SE"
"NJ2020","1","1","T0_T20","c_V1","VPC",67297.5719407425,NA,NA,"VPCL_AR_Diff_No_SE"
"NJ2020","1","1","T0_T3","c_V2","VPC",0,NA,NA,"VPCL_AR_Diff_No_SE"
"NJ2020","1","1","T0_T6","c_V2","VPC",23399.3027168189,NA,NA,"VPCL_AR_Diff_No_SE"
"NJ2020","1","1","T0_T24","c_V2","VPC",4993.39736325722,NA,NA,"VPCL_AR_Diff_No_SE"
"NJ2020","1","1","T0_T17","c_V2","VPC",7972.9441716819,NA,NA,"VPCL_AR_Diff_No_SE"
"NJ2020","1","1","T0_T20","c_V2","VPC",7972.9441716819,NA,NA,"VPCL_AR_Diff_No_SE"
"NJ2020","1","1","T0_T3","c_V3","VPC",0,NA,NA,"VPCL_AR_Diff_No_SE"
"NJ2020","1","1","T0_T6","c_V3","VPC",27741.4063559212,NA,NA,"VPCL_AR_Diff_No_SE"
"NJ2020","1","1","T0_T24","c_V3","VPC",6440.09446448523,NA,NA,"VPCL_AR_Diff_No_SE"
"NJ2020","1","1","T0_T17","c_V3","VPC",6440.09446448523,NA,NA,"VPCL_AR_Diff_No_SE"
"NJ2020","1","1","T0_T20","c_V3","VPC",6440.09446448523,NA,NA,"VPCL_AR_Diff_No_SE"
"NJ2020","1","1","T0_T3","c_Viruses","Diff",44520.2558635399,NA,NA,"VPCL_AR_Diff_No_SE"
"NJ2020","1","1","T0_T6","c_Viruses","Diff",777213.930348258,NA,NA,"VPCL_AR_Diff_No_SE"
"NJ2020","1","1","T0_T24","c_Viruses","Diff",777213.930348258,NA,NA,"VPCL_AR_Diff_No_SE"
"NJ2020","1","1","T0_T17","c_Viruses","Diff",777213.930348258,NA,NA,"VPCL_AR_Diff_No_SE"
"NJ2020","1","1","T0_T20","c_Viruses","Diff",777213.930348258,NA,NA,"VPCL_AR_Diff_No_SE"
"NJ2020","1","1","T0_T3","c_V1","Diff",85403.5691150033,NA,NA,"VPCL_AR_Diff_No_SE"
"NJ2020","1","1","T0_T6","c_V1","Diff",607211.817995924,NA,NA,"VPCL_AR_Diff_No_SE"
"NJ2020","1","1","T0_T24","c_V1","Diff",607211.817995924,NA,NA,"VPCL_AR_Diff_No_SE"
"NJ2020","1","1","T0_T17","c_V1","Diff",607211.817995924,NA,NA,"VPCL_AR_Diff_No_SE"
"NJ2020","1","1","T0_T20","c_V1","Diff",607211.817995924,NA,NA,"VPCL_AR_Diff_No_SE"
"NJ2020","1","1","T0_T3","c_V2","Diff",0,NA,NA,"VPCL_AR_Diff_No_SE"
"NJ2020","1","1","T0_T6","c_V2","Diff",224919.585499354,NA,NA,"VPCL_AR_Diff_No_SE"
"NJ2020","1","1","T0_T24","c_V2","Diff",224919.585499354,NA,NA,"VPCL_AR_Diff_No_SE"
"NJ2020","1","1","T0_T17","c_V2","Diff",224919.585499354,NA,NA,"VPCL_AR_Diff_No_SE"
"NJ2020","1","1","T0_T20","c_V2","Diff",224919.585499354,NA,NA,"VPCL_AR_Diff_No_SE"
"NJ2020","1","1","T0_T3","c_V3","Diff",0,NA,NA,"VPCL_AR_Diff_No_SE"
"NJ2020","1","1","T0_T6","c_V3","Diff",155967.952456782,NA,NA,"VPCL_AR_Diff_No_SE"
"NJ2020","1","1","T0_T24","c_V3","Diff",155967.952456782,NA,NA,"VPCL_AR_Diff_No_SE"
"NJ2020","1","1","T0_T17","c_V3","Diff",155967.952456782,NA,NA,"VPCL_AR_Diff_No_SE"
"NJ2020","1","1","T0_T20","c_V3","Diff",155967.952456782,NA,NA,"VPCL_AR_Diff_No_SE"
"NJ2020","1","1","T0_T3","c_Viruses","VP",0,0,NA,"VPCL_AR_SE"
"NJ2020","1","1","T0_T6","c_Viruses","VP",0,0,NA,"VPCL_AR_SE"
"NJ2020","1","1","T0_T24","c_Viruses","VP",332238.80597015,49406.936540582,NA,"VPCL_AR_SE"
"NJ2020","1","1","T0_T17","c_Viruses","VP",161178.522969568,35715.4283142059,NA,"VPCL_AR_SE"
"NJ2020","1","1","T0_T20","c_Viruses","VP",332238.80597015,49406.936540582,NA,"VPCL_AR_SE"
"NJ2020","1","1","T0_T3","c_V1","VP",0,0,NA,"VPCL_AR_SE"
"NJ2020","1","1","T0_T6","c_V1","VP",0,0,NA,"VPCL_AR_SE"
"NJ2020","1","1","T0_T24","c_V1","VP",257907.246273398,41910.6161647124,NA,"VPCL_AR_SE"
"NJ2020","1","1","T0_T17","c_V1","VP",133469.339577303,33798.0896298784,NA,"VPCL_AR_SE"
"NJ2020","1","1","T0_T20","c_V1","VP",257907.246273398,41910.6161647124,NA,"VPCL_AR_SE"
"NJ2020","1","1","T0_T3","c_V2","VP",0,0,NA,"VPCL_AR_SE"
"NJ2020","1","1","T0_T6","c_V2","VP",0,0,NA,"VPCL_AR_SE"
"NJ2020","1","1","T0_T24","c_V2","VP",47272.9448042951,8255.42855039378,NA,"VPCL_AR_SE"
"NJ2020","1","1","T0_T17","c_V2","VP",19248.8283005332,6478.42784595703,NA,"VPCL_AR_SE"
"NJ2020","1","1","T0_T20","c_V2","VP",50153.9970530882,4611.35471672108,NA,"VPCL_AR_SE"
"NJ2020","1","1","T0_T3","c_V3","VP",0,0,NA,"VPCL_AR_SE"
"NJ2020","1","1","T0_T6","c_V3","VP",0,0,NA,"VPCL_AR_SE"
"NJ2020","1","1","T0_T24","c_V3","VP",24177.5626436627,3270.35569931284,NA,"VPCL_AR_SE"
"NJ2020","1","1","T0_T17","c_V3","VP",8460.35509173194,3870.74686913204,NA,"VPCL_AR_SE"
"NJ2020","1","1","T0_T20","c_V3","VP",24177.5626436627,3270.35569931284,NA,"VPCL_AR_SE"
"NJ2020","1","1","T0_T3","c_Viruses","VPC",0,0,NA,"VPCL_AR_SE"
"NJ2020","1","1","T0_T6","c_Viruses","VPC",238948.116560057,208281.811217724,NA,"VPCL_AR_SE"
"NJ2020","1","1","T0_T24","c_Viruses","VPC",238948.116560057,208281.811217724,NA,"VPCL_AR_SE"
"NJ2020","1","1","T0_T17","c_Viruses","VPC",238948.116560057,208281.811217724,NA,"VPCL_AR_SE"
"NJ2020","1","1","T0_T20","c_Viruses","VPC",238948.116560057,208281.811217724,NA,"VPCL_AR_SE"
"NJ2020","1","1","T0_T3","c_V1","VPC",0,0,NA,"VPCL_AR_SE"
"NJ2020","1","1","T0_T6","c_V1","VPC",187807.407487318,169972.480813979,NA,"VPCL_AR_SE"
"NJ2020","1","1","T0_T24","c_V1","VPC",187807.407487318,169972.480813979,NA,"VPCL_AR_SE"
"NJ2020","1","1","T0_T17","c_V1","VPC",187807.407487318,169972.480813979,NA,"VPCL_AR_SE"
"NJ2020","1","1","T0_T20","c_V1","VPC",187807.407487318,169972.480813979,NA,"VPCL_AR_SE"
"NJ2020","1","1","T0_T3","c_V2","VPC",0,0,NA,"VPCL_AR_SE"
"NJ2020","1","1","T0_T6","c_V2","VPC",0,0,NA,"VPCL_AR_SE"
"NJ2020","1","1","T0_T24","c_V2","VPC",0,0,NA,"VPCL_AR_SE"
"NJ2020","1","1","T0_T17","c_V2","VPC",0,0,NA,"VPCL_AR_SE"
"NJ2020","1","1","T0_T20","c_V2","VPC",0,0,NA,"VPCL_AR_SE"
"NJ2020","1","1","T0_T3","c_V3","VPC",0,0,NA,"VPCL_AR_SE"
"NJ2020","1","1","T0_T6","c_V3","VPC",27741.4063559212,24926.6243490831,NA,"VPCL_AR_SE"
"NJ2020","1","1","T0_T24","c_V3","VPC",27741.4063559212,24926.6243490831,NA,"VPCL_AR_SE"
"NJ2020","1","1","T0_T17","c_V3","VPC",27741.4063559212,24926.6243490831,NA,"VPCL_AR_SE"
"NJ2020","1","1","T0_T20","c_V3","VPC",27741.4063559212,24926.6243490831,NA,"VPCL_AR_SE"
"NJ2020","1","1","T0_T3","c_Viruses","Diff",0,NA,NA,"VPCL_AR_SE"
"NJ2020","1","1","T0_T6","c_Viruses","Diff",238948.116560057,NA,NA,"VPCL_AR_SE"
"NJ2020","1","1","T0_T24","c_Viruses","Diff",-93290.689410093,NA,NA,"VPCL_AR_SE"
"NJ2020","1","1","T0_T17","c_Viruses","Diff",77769.593590489,NA,NA,"VPCL_AR_SE"
"NJ2020","1","1","T0_T20","c_Viruses","Diff",-93290.689410093,NA,NA,"VPCL_AR_SE"
"NJ2020","1","1","T0_T3","c_V1","Diff",0,NA,NA,"VPCL_AR_SE"
"NJ2020","1","1","T0_T6","c_V1","Diff",187807.407487318,NA,NA,"VPCL_AR_SE"
"NJ2020","1","1","T0_T24","c_V1","Diff",-70099.83878608,NA,NA,"VPCL_AR_SE"
"NJ2020","1","1","T0_T17","c_V1","Diff",54338.067910015,NA,NA,"VPCL_AR_SE"
"NJ2020","1","1","T0_T20","c_V1","Diff",-70099.83878608,NA,NA,"VPCL_AR_SE"
"NJ2020","1","1","T0_T3","c_V2","Diff",0,NA,NA,"VPCL_AR_SE"
"NJ2020","1","1","T0_T6","c_V2","Diff",0,NA,NA,"VPCL_AR_SE"
"NJ2020","1","1","T0_T24","c_V2","Diff",-47272.9448042951,NA,NA,"VPCL_AR_SE"
"NJ2020","1","1","T0_T17","c_V2","Diff",-19248.8283005332,NA,NA,"VPCL_AR_SE"
"NJ2020","1","1","T0_T20","c_V2","Diff",-50153.9970530882,NA,NA,"VPCL_AR_SE"
"NJ2020","1","1","T0_T3","c_V3","Diff",0,NA,NA,"VPCL_AR_SE"
"NJ2020","1","1","T0_T6","c_V3","Diff",27741.4063559212,NA,NA,"VPCL_AR_SE"
"NJ2020","1","1","T0_T24","c_V3","Diff",3563.8437122585,NA,NA,"VPCL_AR_SE"
"NJ2020","1","1","T0_T17","c_V3","Diff",19281.0512641893,NA,NA,"VPCL_AR_SE"
"NJ2020","1","1","T0_T20","c_V3","Diff",3563.8437122585,NA,NA,"VPCL_AR_SE"
"NJ2020","1","1","T0_T3","c_Viruses","VP",0,0,NA,"VPCL_AR_Diff_SE"
"NJ2020","1","1","T0_T6","c_Viruses","VP",0,0,NA,"VPCL_AR_Diff_SE"
"NJ2020","1","1","T0_T24","c_Viruses","VP",332238.80597015,49406.936540582,NA,"VPCL_AR_Diff_SE"
"NJ2020","1","1","T0_T17","c_Viruses","VP",161178.522969568,35715.4283142059,NA,"VPCL_AR_Diff_SE"
"NJ2020","1","1","T0_T20","c_Viruses","VP",332238.80597015,49406.936540582,NA,"VPCL_AR_Diff_SE"
"NJ2020","1","1","T0_T3","c_V1","VP",0,0,NA,"VPCL_AR_Diff_SE"
"NJ2020","1","1","T0_T6","c_V1","VP",0,0,NA,"VPCL_AR_Diff_SE"
"NJ2020","1","1","T0_T24","c_V1","VP",257907.246273398,41910.6161647124,NA,"VPCL_AR_Diff_SE"
"NJ2020","1","1","T0_T17","c_V1","VP",133469.339577303,33798.0896298784,NA,"VPCL_AR_Diff_SE"
"NJ2020","1","1","T0_T20","c_V1","VP",257907.246273398,41910.6161647124,NA,"VPCL_AR_Diff_SE"
"NJ2020","1","1","T0_T3","c_V2","VP",0,0,NA,"VPCL_AR_Diff_SE"
"NJ2020","1","1","T0_T6","c_V2","VP",0,0,NA,"VPCL_AR_Diff_SE"
"NJ2020","1","1","T0_T24","c_V2","VP",47272.9448042951,8255.42855039378,NA,"VPCL_AR_Diff_SE"
"NJ2020","1","1","T0_T17","c_V2","VP",19248.8283005332,6478.42784595703,NA,"VPCL_AR_Diff_SE"
"NJ2020","1","1","T0_T20","c_V2","VP",50153.9970530882,4611.35471672108,NA,"VPCL_AR_Diff_SE"
"NJ2020","1","1","T0_T3","c_V3","VP",0,0,NA,"VPCL_AR_Diff_SE"
"NJ2020","1","1","T0_T6","c_V3","VP",0,0,NA,"VPCL_AR_Diff_SE"
"NJ2020","1","1","T0_T24","c_V3","VP",24177.5626436627,3270.35569931284,NA,"VPCL_AR_Diff_SE"
"NJ2020","1","1","T0_T17","c_V3","VP",8460.35509173194,3870.74686913204,NA,"VPCL_AR_Diff_SE"
"NJ2020","1","1","T0_T20","c_V3","VP",24177.5626436627,3270.35569931284,NA,"VPCL_AR_Diff_SE"
"NJ2020","1","1","T0_T3","c_Viruses","VPC",0,0,NA,"VPCL_AR_Diff_SE"
"NJ2020","1","1","T0_T6","c_Viruses","VPC",238948.116560057,208281.811217724,NA,"VPCL_AR_Diff_SE"
"NJ2020","1","1","T0_T24","c_Viruses","VPC",238948.116560057,208281.811217724,NA,"VPCL_AR_Diff_SE"
"NJ2020","1","1","T0_T17","c_Viruses","VPC",238948.116560057,208281.811217724,NA,"VPCL_AR_Diff_SE"
"NJ2020","1","1","T0_T20","c_Viruses","VPC",238948.116560057,208281.811217724,NA,"VPCL_AR_Diff_SE"
"NJ2020","1","1","T0_T3","c_V1","VPC",0,0,NA,"VPCL_AR_Diff_SE"
"NJ2020","1","1","T0_T6","c_V1","VPC",187807.407487318,169972.480813979,NA,"VPCL_AR_Diff_SE"
"NJ2020","1","1","T0_T24","c_V1","VPC",187807.407487318,169972.480813979,NA,"VPCL_AR_Diff_SE"
"NJ2020","1","1","T0_T17","c_V1","VPC",187807.407487318,169972.480813979,NA,"VPCL_AR_Diff_SE"
"NJ2020","1","1","T0_T20","c_V1","VPC",187807.407487318,169972.480813979,NA,"VPCL_AR_Diff_SE"
"NJ2020","1","1","T0_T3","c_V2","VPC",0,0,NA,"VPCL_AR_Diff_SE"
"NJ2020","1","1","T0_T6","c_V2","VPC",0,0,NA,"VPCL_AR_Diff_SE"
"NJ2020","1","1","T0_T24","c_V2","VPC",0,0,NA,"VPCL_AR_Diff_SE"
"NJ2020","1","1","T0_T17","c_V2","VPC",0,0,NA,"VPCL_AR_Diff_SE"
"NJ2020","1","1","T0_T20","c_V2","VPC",0,0,NA,"VPCL_AR_Diff_SE"
"NJ2020","1","1","T0_T3","c_V3","VPC",0,0,NA,"VPCL_AR_Diff_SE"
"NJ2020","1","1","T0_T6","c_V3","VPC",27741.4063559212,24926.6243490831,NA,"VPCL_AR_Diff_SE"
"NJ2020","1","1","T0_T24","c_V3","VPC",27741.4063559212,24926.6243490831,NA,"VPCL_AR_Diff_SE"
"NJ2020","1","1","T0_T17","c_V3","VPC",27741.4063559212,24926.6243490831,NA,"VPCL_AR_Diff_SE"
"NJ2020","1","1","T0_T20","c_V3","VPC",27741.4063559212,24926.6243490831,NA,"VPCL_AR_Diff_SE"
"NJ2020","1","1","T0_T3","c_Viruses","Diff",0,0,NA,"VPCL_AR_Diff_SE"
"NJ2020","1","1","T0_T6","c_Viruses","Diff",1509907.60483298,343230.852160905,NA,"VPCL_AR_Diff_SE"
"NJ2020","1","1","T0_T24","c_Viruses","Diff",1509907.60483298,343230.852160905,NA,"VPCL_AR_Diff_SE"
"NJ2020","1","1","T0_T17","c_Viruses","Diff",1509907.60483298,343230.852160905,NA,"VPCL_AR_Diff_SE"
"NJ2020","1","1","T0_T20","c_Viruses","Diff",1509907.60483298,343230.852160905,NA,"VPCL_AR_Diff_SE"
"NJ2020","1","1","T0_T3","c_V1","Diff",0,0,NA,"VPCL_AR_Diff_SE"
"NJ2020","1","1","T0_T6","c_V1","Diff",1129020.06687684,289109.761592231,NA,"VPCL_AR_Diff_SE"
"NJ2020","1","1","T0_T24","c_V1","Diff",1129020.06687684,289109.761592231,NA,"VPCL_AR_Diff_SE"
"NJ2020","1","1","T0_T17","c_V1","Diff",1129020.06687684,289109.761592231,NA,"VPCL_AR_Diff_SE"
"NJ2020","1","1","T0_T20","c_V1","Diff",1129020.06687684,289109.761592231,NA,"VPCL_AR_Diff_SE"
"NJ2020","1","1","T0_T3","c_V2","Diff",0,0,NA,"VPCL_AR_Diff_SE"
"NJ2020","1","1","T0_T6","c_V2","Diff",224919.585499354,72560.3050969831,NA,"VPCL_AR_Diff_SE"
"NJ2020","1","1","T0_T24","c_V2","Diff",224919.585499354,72560.3050969831,NA,"VPCL_AR_Diff_SE"
"NJ2020","1","1","T0_T17","c_V2","Diff",224919.585499354,72560.3050969831,NA,"VPCL_AR_Diff_SE"
"NJ2020","1","1","T0_T20","c_V2","Diff",224919.585499354,72560.3050969831,NA,"VPCL_AR_Diff_SE"
"NJ2020","1","1","T0_T3","c_V3","Diff",0,0,NA,"VPCL_AR_Diff_SE"
"NJ2020","1","1","T0_T6","c_V3","Diff",155967.952456782,38016.2030584958,NA,"VPCL_AR_Diff_SE"
"NJ2020","1","1","T0_T24","c_V3","Diff",155967.952456782,38016.2030584958,NA,"VPCL_AR_Diff_SE"
"NJ2020","1","1","T0_T17","c_V3","Diff",155967.952456782,38016.2030584958,NA,"VPCL_AR_Diff_SE"
"NJ2020","1","1","T0_T20","c_V3","Diff",155967.952456782,38016.2030584958,NA,"VPCL_AR_Diff_SE"
"NJ2020","1","1","T0_T3","c_Viruses","VP",0,NA,NA,"VPCL_AR_Diff_LMER_No_SE"
"NJ2020","1","1","T0_T6","c_Viruses","VP",0,NA,NA,"VPCL_AR_Diff_LMER_No_SE"
"NJ2020","1","1","T0_T24","c_Viruses","VP",295981.994787965,NA,NA,"VPCL_AR_Diff_LMER_No_SE"
"NJ2020","1","1","T0_T17","c_Viruses","VP",161178.522969568,NA,NA,"VPCL_AR_Diff_LMER_No_SE"
"NJ2020","1","1","T0_T20","c_Viruses","VP",332238.80597015,NA,NA,"VPCL_AR_Diff_LMER_No_SE"
"NJ2020","1","1","T0_T3","c_V1","VP",0,NA,NA,"VPCL_AR_Diff_LMER_No_SE"
"NJ2020","1","1","T0_T6","c_V1","VP",0,NA,NA,"VPCL_AR_Diff_LMER_No_SE"
"NJ2020","1","1","T0_T24","c_V1","VP",228831.920272657,NA,NA,"VPCL_AR_Diff_LMER_No_SE"
"NJ2020","1","1","T0_T17","c_V1","VP",133469.339577303,NA,NA,"VPCL_AR_Diff_LMER_No_SE"
"NJ2020","1","1","T0_T20","c_V1","VP",257907.246273398,NA,NA,"VPCL_AR_Diff_LMER_No_SE"
"NJ2020","1","1","T0_T3","c_V2","VP",0,NA,NA,"VPCL_AR_Diff_LMER_No_SE"
"NJ2020","1","1","T0_T6","c_V2","VP",0,NA,NA,"VPCL_AR_Diff_LMER_No_SE"
"NJ2020","1","1","T0_T24","c_V2","VP",47272.9448042951,NA,NA,"VPCL_AR_Diff_LMER_No_SE"
"NJ2020","1","1","T0_T17","c_V2","VP",19248.8283005331,NA,NA,"VPCL_AR_Diff_LMER_No_SE"
"NJ2020","1","1","T0_T20","c_V2","VP",50153.9970530882,NA,NA,"VPCL_AR_Diff_LMER_No_SE"
"NJ2020","1","1","T0_T3","c_V3","VP",15333.9543812738,NA,NA,"VPCL_AR_Diff_LMER_No_SE"
"NJ2020","1","1","T0_T6","c_V3","VP",15333.9543812739,NA,NA,"VPCL_AR_Diff_LMER_No_SE"
"NJ2020","1","1","T0_T24","c_V3","VP",17605.5420461435,NA,NA,"VPCL_AR_Diff_LMER_No_SE"
"NJ2020","1","1","T0_T17","c_V3","VP",11897.154736503,NA,NA,"VPCL_AR_Diff_LMER_No_SE"
"NJ2020","1","1","T0_T20","c_V3","VP",19755.7585124682,NA,NA,"VPCL_AR_Diff_LMER_No_SE"
"NJ2020","1","1","T0_T3","c_Viruses","VPC",0,NA,NA,"VPCL_AR_Diff_LMER_No_SE"
"NJ2020","1","1","T0_T6","c_Viruses","VPC",238948.116560057,NA,NA,"VPCL_AR_Diff_LMER_No_SE"
"NJ2020","1","1","T0_T24","c_Viruses","VPC",76332.6226012791,NA,NA,"VPCL_AR_Diff_LMER_No_SE"
"NJ2020","1","1","T0_T17","c_Viruses","VPC",73426.7438318607,NA,NA,"VPCL_AR_Diff_LMER_No_SE"
"NJ2020","1","1","T0_T20","c_Viruses","VPC",76332.6226012791,NA,NA,"VPCL_AR_Diff_LMER_No_SE"
"NJ2020","1","1","T0_T3","c_V1","VPC",0,NA,NA,"VPCL_AR_Diff_LMER_No_SE"
"NJ2020","1","1","T0_T6","c_V1","VPC",187807.407487318,NA,NA,"VPCL_AR_Diff_LMER_No_SE"
"NJ2020","1","1","T0_T24","c_V1","VPC",67297.5719407426,NA,NA,"VPCL_AR_Diff_LMER_No_SE"
"NJ2020","1","1","T0_T17","c_V1","VPC",59013.7051956941,NA,NA,"VPCL_AR_Diff_LMER_No_SE"
"NJ2020","1","1","T0_T20","c_V1","VPC",67297.5719407426,NA,NA,"VPCL_AR_Diff_LMER_No_SE"
"NJ2020","1","1","T0_T3","c_V2","VPC",0,NA,NA,"VPCL_AR_Diff_LMER_No_SE"
"NJ2020","1","1","T0_T6","c_V2","VPC",23399.3027168189,NA,NA,"VPCL_AR_Diff_LMER_No_SE"
"NJ2020","1","1","T0_T24","c_V2","VPC",4993.3973632572,NA,NA,"VPCL_AR_Diff_LMER_No_SE"
"NJ2020","1","1","T0_T17","c_V2","VPC",7972.9441716819,NA,NA,"VPCL_AR_Diff_LMER_No_SE"
"NJ2020","1","1","T0_T20","c_V2","VPC",7972.94417168192,NA,NA,"VPCL_AR_Diff_LMER_No_SE"
"NJ2020","1","1","T0_T3","c_V3","VPC",0,NA,NA,"VPCL_AR_Diff_LMER_No_SE"
"NJ2020","1","1","T0_T6","c_V3","VPC",27741.4063559213,NA,NA,"VPCL_AR_Diff_LMER_No_SE"
"NJ2020","1","1","T0_T24","c_V3","VPC",6440.09446448525,NA,NA,"VPCL_AR_Diff_LMER_No_SE"
"NJ2020","1","1","T0_T17","c_V3","VPC",6440.09446448523,NA,NA,"VPCL_AR_Diff_LMER_No_SE"
"NJ2020","1","1","T0_T20","c_V3","VPC",6440.09446448524,NA,NA,"VPCL_AR_Diff_LMER_No_SE"
"NJ2020","1","1","T0_T3","c_Viruses","Diff",44520.2558635425,NA,NA,"VPCL_AR_Diff_LMER_No_SE"
"NJ2020","1","1","T0_T6","c_Viruses","Diff",777213.930348256,NA,NA,"VPCL_AR_Diff_LMER_No_SE"
"NJ2020","1","1","T0_T24","c_Viruses","Diff",777213.930348256,NA,NA,"VPCL_AR_Diff_LMER_No_SE"
"NJ2020","1","1","T0_T17","c_Viruses","Diff",777213.93034826,NA,NA,"VPCL_AR_Diff_LMER_No_SE"
"NJ2020","1","1","T0_T20","c_Viruses","Diff",777213.93034826,NA,NA,"VPCL_AR_Diff_LMER_No_SE"
"NJ2020","1","1","T0_T3","c_V1","Diff",85403.5691150039,NA,NA,"VPCL_AR_Diff_LMER_No_SE"
"NJ2020","1","1","T0_T6","c_V1","Diff",607211.817995923,NA,NA,"VPCL_AR_Diff_LMER_No_SE"
"NJ2020","1","1","T0_T24","c_V1","Diff",607211.817995927,NA,NA,"VPCL_AR_Diff_LMER_No_SE"
"NJ2020","1","1","T0_T17","c_V1","Diff",607211.817995925,NA,NA,"VPCL_AR_Diff_LMER_No_SE"
"NJ2020","1","1","T0_T20","c_V1","Diff",607211.817995925,NA,NA,"VPCL_AR_Diff_LMER_No_SE"
"NJ2020","1","1","T0_T3","c_V2","Diff",0,NA,NA,"VPCL_AR_Diff_LMER_No_SE"
"NJ2020","1","1","T0_T6","c_V2","Diff",224919.585499354,NA,NA,"VPCL_AR_Diff_LMER_No_SE"
"NJ2020","1","1","T0_T24","c_V2","Diff",224919.585499354,NA,NA,"VPCL_AR_Diff_LMER_No_SE"
"NJ2020","1","1","T0_T17","c_V2","Diff",224919.585499354,NA,NA,"VPCL_AR_Diff_LMER_No_SE"
"NJ2020","1","1","T0_T20","c_V2","Diff",224919.585499354,NA,NA,"VPCL_AR_Diff_LMER_No_SE"
"NJ2020","1","1","T0_T3","c_V3","Diff",0,NA,NA,"VPCL_AR_Diff_LMER_No_SE"
"NJ2020","1","1","T0_T6","c_V3","Diff",155967.952456782,NA,NA,"VPCL_AR_Diff_LMER_No_SE"
"NJ2020","1","1","T0_T24","c_V3","Diff",155967.952456782,NA,NA,"VPCL_AR_Diff_LMER_No_SE"
"NJ2020","1","1","T0_T17","c_V3","Diff",155967.952456782,NA,NA,"VPCL_AR_Diff_LMER_No_SE"
"NJ2020","1","1","T0_T20","c_V3","Diff",155967.952456782,NA,NA,"VPCL_AR_Diff_LMER_No_SE"
